{
  "category_logistic_regression_validation": {
    "Billing and Payments": {
      "precision": 0.7102941176470589,
      "recall": 0.7374045801526717,
      "f1-score": 0.7235955056179775,
      "support": 655.0
    },
    "Customer Service": {
      "precision": 0.37018255578093306,
      "recall": 0.361028684470821,
      "f1-score": 0.3655483224837256,
      "support": 1011.0
    },
    "General Inquiry": {
      "precision": 0.18181818181818182,
      "recall": 0.43478260869565216,
      "f1-score": 0.2564102564102564,
      "support": 92.0
    },
    "Human Resources": {
      "precision": 0.3,
      "recall": 0.525,
      "f1-score": 0.38181818181818183,
      "support": 120.0
    },
    "IT Support": {
      "precision": 0.3233601841196778,
      "recall": 0.3575063613231552,
      "f1-score": 0.3395770392749245,
      "support": 786.0
    },
    "Product Support": {
      "precision": 0.42546245919477693,
      "recall": 0.32128184059161874,
      "f1-score": 0.3661048689138577,
      "support": 1217.0
    },
    "Returns and Exchanges": {
      "precision": 0.291015625,
      "recall": 0.4501510574018127,
      "f1-score": 0.3534994068801898,
      "support": 331.0
    },
    "Sales and Pre-Sales": {
      "precision": 0.2388758782201405,
      "recall": 0.4880382775119617,
      "f1-score": 0.32075471698113206,
      "support": 209.0
    },
    "Service Outages and Maintenance": {
      "precision": 0.3954022988505747,
      "recall": 0.671875,
      "f1-score": 0.49782923299565845,
      "support": 256.0
    },
    "Technical Support": {
      "precision": 0.5845375722543352,
      "recall": 0.411704834605598,
      "f1-score": 0.4831292923260675,
      "support": 1965.0
    },
    "accuracy": 0.42984040951520625,
    "macro avg": {
      "precision": 0.3820948872885679,
      "recall": 0.4758773244753291,
      "f1-score": 0.40882668237019715,
      "support": 6642.0
    },
    "weighted avg": {
      "precision": 0.46074434652924645,
      "recall": 0.42984040951520625,
      "f1-score": 0.4345421404021399,
      "support": 6642.0
    }
  },
  "category_linear_svm_validation": {
    "Billing and Payments": {
      "precision": 0.7329624478442281,
      "recall": 0.8045801526717558,
      "f1-score": 0.7671033478893741,
      "support": 655.0
    },
    "Customer Service": {
      "precision": 0.4492890995260663,
      "recall": 0.4688427299703264,
      "f1-score": 0.45885769603097776,
      "support": 1011.0
    },
    "General Inquiry": {
      "precision": 0.3592233009708738,
      "recall": 0.40217391304347827,
      "f1-score": 0.37948717948717947,
      "support": 92.0
    },
    "Human Resources": {
      "precision": 0.4789915966386555,
      "recall": 0.475,
      "f1-score": 0.4769874476987448,
      "support": 120.0
    },
    "IT Support": {
      "precision": 0.4157303370786517,
      "recall": 0.42366412213740456,
      "f1-score": 0.41965973534971646,
      "support": 786.0
    },
    "Product Support": {
      "precision": 0.4666666666666667,
      "recall": 0.4256368118323747,
      "f1-score": 0.44520842286205414,
      "support": 1217.0
    },
    "Returns and Exchanges": {
      "precision": 0.3922902494331066,
      "recall": 0.5226586102719033,
      "f1-score": 0.4481865284974093,
      "support": 331.0
    },
    "Sales and Pre-Sales": {
      "precision": 0.3582089552238806,
      "recall": 0.45933014354066987,
      "f1-score": 0.4025157232704403,
      "support": 209.0
    },
    "Service Outages and Maintenance": {
      "precision": 0.5292207792207793,
      "recall": 0.63671875,
      "f1-score": 0.5780141843971631,
      "support": 256.0
    },
    "Technical Support": {
      "precision": 0.6065192083818394,
      "recall": 0.5302798982188295,
      "f1-score": 0.5658430627206082,
      "support": 1965.0
    },
    "accuracy": 0.5149051490514905,
    "macro avg": {
      "precision": 0.47891026409847476,
      "recall": 0.5148885131686741,
      "f1-score": 0.4941863328203667,
      "support": 6642.0
    },
    "weighted avg": {
      "precision": 0.5196553906469313,
      "recall": 0.5149051490514905,
      "f1-score": 0.5152829143251068,
      "support": 6642.0
    }
  },
  "category_naive_bayes_validation": {
    "Billing and Payments": {
      "precision": 0.9207920792079208,
      "recall": 0.5679389312977099,
      "f1-score": 0.7025495750708215,
      "support": 655.0
    },
    "Customer Service": {
      "precision": 0.2568397543271915,
      "recall": 0.4549950544015826,
      "f1-score": 0.32833690221270523,
      "support": 1011.0
    },
    "General Inquiry": {
      "precision": 0.0,
      "recall": 0.0,
      "f1-score": 0.0,
      "support": 92.0
    },
    "Human Resources": {
      "precision": 1.0,
      "recall": 0.008333333333333333,
      "f1-score": 0.01652892561983471,
      "support": 120.0
    },
    "IT Support": {
      "precision": 0.375,
      "recall": 0.011450381679389313,
      "f1-score": 0.022222222222222223,
      "support": 786.0
    },
    "Product Support": {
      "precision": 0.34221598877980364,
      "recall": 0.20049301561216104,
      "f1-score": 0.2528497409326425,
      "support": 1217.0
    },
    "Returns and Exchanges": {
      "precision": 0.8333333333333334,
      "recall": 0.045317220543806644,
      "f1-score": 0.08595988538681948,
      "support": 331.0
    },
    "Sales and Pre-Sales": {
      "precision": 1.0,
      "recall": 0.009569377990430622,
      "f1-score": 0.018957345971563982,
      "support": 209.0
    },
    "Service Outages and Maintenance": {
      "precision": 0.6,
      "recall": 0.03515625,
      "f1-score": 0.06642066420664207,
      "support": 256.0
    },
    "Technical Support": {
      "precision": 0.4066412629286881,
      "recall": 0.7603053435114504,
      "f1-score": 0.5298811846071999,
      "support": 1965.0
    },
    "accuracy": 0.39235170129479074,
    "macro avg": {
      "precision": 0.5734822418576937,
      "recall": 0.20935589083698636,
      "f1-score": 0.20237064462304516,
      "support": 6642.0
    },
    "weighted avg": {
      "precision": 0.4714685451429095,
      "recall": 0.39235170129479074,
      "f1-score": 0.33271934318362667,
      "support": 6642.0
    }
  },
  "category_linear_svm_test": {
    "Billing and Payments": {
      "precision": 0.7568345323741007,
      "recall": 0.8030534351145038,
      "f1-score": 0.7792592592592592,
      "support": 655.0
    },
    "Customer Service": {
      "precision": 0.45454545454545453,
      "recall": 0.4549950544015826,
      "f1-score": 0.4547701433514582,
      "support": 1011.0
    },
    "General Inquiry": {
      "precision": 0.47474747474747475,
      "recall": 0.5108695652173914,
      "f1-score": 0.49214659685863876,
      "support": 92.0
    },
    "Human Resources": {
      "precision": 0.48484848484848486,
      "recall": 0.5333333333333333,
      "f1-score": 0.5079365079365079,
      "support": 120.0
    },
    "IT Support": {
      "precision": 0.4486842105263158,
      "recall": 0.43384223918575066,
      "f1-score": 0.4411384217335058,
      "support": 786.0
    },
    "Product Support": {
      "precision": 0.4828193832599119,
      "recall": 0.45028759244042726,
      "f1-score": 0.46598639455782315,
      "support": 1217.0
    },
    "Returns and Exchanges": {
      "precision": 0.3740831295843521,
      "recall": 0.4622356495468278,
      "f1-score": 0.4135135135135135,
      "support": 331.0
    },
    "Sales and Pre-Sales": {
      "precision": 0.4306049822064057,
      "recall": 0.5789473684210527,
      "f1-score": 0.49387755102040815,
      "support": 209.0
    },
    "Service Outages and Maintenance": {
      "precision": 0.5673076923076923,
      "recall": 0.688715953307393,
      "f1-score": 0.6221441124780316,
      "support": 257.0
    },
    "Technical Support": {
      "precision": 0.6048699501936912,
      "recall": 0.5565173116089613,
      "f1-score": 0.5796870856536728,
      "support": 1964.0
    },