{
  "category_logistic_regression_validation": {
    "Billing and Payments": {
      "precision": 0.7098214285714286,
      "recall": 0.7282442748091603,
      "f1-score": 0.718914845516202,
      "support": 655.0
    },
    "Customer Service": {
      "precision": 0.37029501525940994,
      "recall": 0.3600395647873393,
      "f1-score": 0.3650952858575727,
      "support": 1011.0
    },
    "General Inquiry": {
      "precision": 0.18222222222222223,
      "recall": 0.44565217391304346,
      "f1-score": 0.2586750788643533,
      "support": 92.0
    },
    "Human Resources": {
      "precision": 0.3014354066985646,
      "recall": 0.525,
      "f1-score": 0.3829787234042553,
      "support": 120.0
    },
    "IT Support": {
      "precision": 0.3211428571428571,
      "recall": 0.3575063613231552,
      "f1-score": 0.3383503913305238,
      "support": 786.0
    },
    "Product Support": {
      "precision": 0.42564655172413796,
      "recall": 0.3245686113393591,
      "f1-score": 0.3682983682983683,
      "support": 1217.0
    },
    "Returns and Exchanges": {
      "precision": 0.2840466926070039,
      "recall": 0.44108761329305135,
      "f1-score": 0.3455621301775148,
      "support": 331.0
    },
    "Sales and Pre-Sales": {
      "precision": 0.24056603773584906,
      "recall": 0.4880382775119617,
      "f1-score": 0.3222748815165877,
      "support": 209.0
    },
    "Service Outages and Maintenance": {
      "precision": 0.39767441860465114,
      "recall": 0.66796875,
      "f1-score": 0.49854227405247814,
      "support": 256.0
    },
    "Technical Support": {
      "precision": 0.5861070911722142,
      "recall": 0.4122137404580153,
      "f1-score": 0.48401553630116523,
      "support": 1965.0
    },
    "accuracy": 0.4290876242095754,
    "macro avg": {
      "precision": 0.38189577217383386,
      "recall": 0.4750319367435085,
      "f1-score": 0.4082707515319021,
      "support": 6642.0
    },
    "weighted avg": {
      "precision": 0.4607755150569535,
      "recall": 0.4290876242095754,
      "f1-score": 0.4342626467929846,
      "support": 6642.0
    }
  },
  "category_linear_svm_validation": {
    "Billing and Payments": {
      "precision": 0.7338935574229691,
      "recall": 0.8,
      "f1-score": 0.7655222790357925,
      "support": 655.0
    },
    "Customer Service": {
      "precision": 0.4468690702087287,
      "recall": 0.4658753709198813,
      "f1-score": 0.45617433414043584,
      "support": 1011.0
    },
    "General Inquiry": {
      "precision": 0.36633663366336633,
      "recall": 0.40217391304347827,
      "f1-score": 0.38341968911917096,
      "support": 92.0
    },
    "Human Resources": {
      "precision": 0.4715447154471545,
      "recall": 0.48333333333333334,
      "f1-score": 0.4773662551440329,
      "support": 120.0
    },
    "IT Support": {
      "precision": 0.415211970074813,
      "recall": 0.42366412213740456,
      "f1-score": 0.4193954659949622,
      "support": 786.0
    },
    "Product Support": {
      "precision": 0.47074707470747074,
      "recall": 0.42974527526705014,
      "f1-score": 0.4493127147766323,
      "support": 1217.0
    },
    "Returns and Exchanges": {
      "precision": 0.3926940639269406,
      "recall": 0.5196374622356495,
      "f1-score": 0.44733420026007803,
      "support": 331.0
    },
    "Sales and Pre-Sales": {
      "precision": 0.34962406015037595,
      "recall": 0.4449760765550239,
      "f1-score": 0.391578947368421,
      "support": 209.0
    },
    "Service Outages and Maintenance": {
      "precision": 0.5209003215434084,
      "recall": 0.6328125,
      "f1-score": 0.5714285714285714,
      "support": 256.0
    },
    "Technical Support": {
      "precision": 0.6103368176538908,
      "recall": 0.5348600508905852,
      "f1-score": 0.57011120151885,
      "support": 1965.0
    },
    "accuracy": 0.5155073772959952,
    "macro avg": {
      "precision": 0.4778158284799118,
      "recall": 0.5137078104382407,
      "f1-score": 0.4931643658786947,
      "support": 6642.0
    },
    "weighted avg": {
      "precision": 0.5205878556726597,
      "recall": 0.5155073772959952,
      "f1-score": 0.5161228789991289,
      "support": 6642.0
    }
  },
  "category_naive_bayes_validation": {
    "Billing and Payments": {
      "precision": 0.9187192118226601,
      "recall": 0.5694656488549619,
      "f1-score": 0.70311027332705,
      "support": 655.0
    },
    "Customer Service": {
      "precision": 0.25685506435366534,
      "recall": 0.4540059347181009,
      "f1-score": 0.3280914939242316,
      "support": 1011.0
    },
    "General Inquiry": {
      "precision": 0.0,
      "recall": 0.0,
      "f1-score": 0.0,
      "support": 92.0
    },
    "Human Resources": {
      "precision": 1.0,
      "recall": 0.008333333333333333,
      "f1-score": 0.01652892561983471,
      "support": 120.0
    },
    "IT Support": {
      "precision": 0.3076923076923077,
      "recall": 0.010178117048346057,
      "f1-score": 0.019704433497536946,
      "support": 786.0
    },
    "Product Support": {
      "precision": 0.3384615384615385,
      "recall": 0.1988496302382909,
      "f1-score": 0.2505175983436853,
      "support": 1217.0
    },
    "Returns and Exchanges": {
      "precision": 0.8333333333333334,
      "recall": 0.045317220543806644,
      "f1-score": 0.08595988538681948,
      "support": 331.0
    },
    "Sales and Pre-Sales": {
      "precision": 1.0,
      "recall": 0.009569377990430622,
      "f1-score": 0.018957345971563982,
      "support": 209.0
    },
    "Service Outages and Maintenance": {
      "precision": 0.6428571428571429,
      "recall": 0.03515625,
      "f1-score": 0.06666666666666667,
      "support": 256.0
    },
    "Technical Support": {
      "precision": 0.40647971685270895,
      "recall": 0.759796437659033,
      "f1-score": 0.5296204327775808,
      "support": 1965.0
    },
    "accuracy": 0.39174947305028607,
    "macro avg": {
      "precision": 0.5704398315373357,
      "recall": 0.20906719503863033,
      "f1-score": 0.20191570555149693,
      "support": 6642.0
    },
    "weighted avg": {
      "precision": 0.46421752566690444,
      "recall": 0.39174947305028607,
      "f1-score": 0.331944358148153,
      "support": 6642.0
    }
  },
  "category_linear_svm_test": {
    "Billing and Payments": {
      "precision": 0.7601156069364162,
      "recall": 0.8030534351145038,
      "f1-score": 0.7809948032665182,
      "support": 655.0
    },
    "Customer Service": {
      "precision": 0.4578790882061447,
      "recall": 0.456973293768546,
      "f1-score": 0.45742574257425744,
      "support": 1011.0
    },
    "General Inquiry": {
      "precision": 0.47,
      "recall": 0.5108695652173914,
      "f1-score": 0.4895833333333333,
      "support": 92.0
    },
    "Human Resources": {
      "precision": 0.48484848484848486,
      "recall": 0.5333333333333333,
      "f1-score": 0.5079365079365079,
      "support": 120.0
    },
    "IT Support": {
      "precision": 0.4496732026143791,
      "recall": 0.43765903307888043,
      "f1-score": 0.4435847840103159,
      "support": 786.0
    },
    "Product Support": {
      "precision": 0.48151408450704225,
      "recall": 0.4494658997534922,
      "f1-score": 0.4649383765405865,
      "support": 1217.0
    },
    "Returns and Exchanges": {
      "precision": 0.3722627737226277,
      "recall": 0.4622356495468278,
      "f1-score": 0.4123989218328841,
      "support": 331.0
    },
    "Sales and Pre-Sales": {
      "precision": 0.42907801418439717,
      "recall": 0.5789473684210527,
      "f1-score": 0.49287169042769857,
      "support": 209.0
    },
    "Service Outages and Maintenance": {
      "precision": 0.5654952076677316,
      "recall": 0.688715953307393,
      "f1-score": 0.6210526315789474,
      "support": 257.0
    },
    "Technical Support": {
      "precision": 0.6015538290788013,
      "recall": 0.5519348268839104,
      "f1-score": 0.5756771109930962,