task,model,split,accuracy,macro_precision,macro_recall,macro_f1,weighted_f1
category,linear_svm,test,0.530713640469738,0.5072420291766024,0.547318835842533,0.5246463902494145,0.530600016970114
category,linear_svm,validation,0.5155073772959952,0.4778158284799118,0.5137078104382407,0.4931643658786947,0.5161228789991289
category,logistic_regression,validation,0.4290876242095754,0.38189577217383386,0.4750319367435085,0.4082707515319021,0.4342626467929846
category,naive_bayes,validation,0.39174947305028607,0.5704398315373357,0.20906719503863033,0.20191570555149693,0.331944358148153
priority,linear_svm,test,0.5808491418247516,0.566754807315092,0.5690265606389405,0.5678242935229773,0.5810970846456163
priority,linear_svm,validation,0.5676001204456489,0.5479368235142945,0.5499897650465221,0.5488766386181335,0.5680094247047666
priority,logistic_regression,validation,0.5403492923818127,0.5262360263717145,0.5368691213164146,0.5278207983936798,0.543623962615995
priority,naive_bayes,validation,0.49427883167720565,0.49249772157598165,0.41966716159366496,0.3897171576089073,0.45114029955663604
