task,model,split,accuracy,macro_precision,macro_recall,macro_f1,weighted_f1
category,linear_svm,test,0.5314664257753688,0.5079345294593883,0.5472797502577225,0.5250459586362819,0.5312778370269237
category,linear_svm,validation,0.5149051490514905,0.47891026409847476,0.5148885131686741,0.4941863328203667,0.5152829143251068
category,logistic_regression,validation,0.42984040951520625,0.3820948872885679,0.4758773244753291,0.40882668237019715,0.4345421404021399
category,naive_bayes,validation,0.39235170129479074,0.5734822418576937,0.20935589083698636,0.20237064462304516,0.33271934318362667
priority,linear_svm,test,0.580397470641373,0.5662940056803366,0.5690190133250611,0.5675659935835299,0.5807388812426728
priority,linear_svm,validation,0.5665462210177657,0.5456861525227709,0.547276486719649,0.5464253514814544,0.5669004427838948
priority,logistic_regression,validation,0.5355314664257753,0.5218684034561213,0.5325627788953549,0.5234544251698071,0.5388219354546185
priority,naive_bayes,validation,0.4935260463715748,0.4877698841441683,0.41880421104188975,0.3884814578704665,0.4501810418534609
